CommentId,VideoId,split
Ugg2KwwX0V8-aXgCoAEC,04kJtp6pVXI,validation
Ugg2s5AzSPioEXgCoAEC,04kJtp6pVXI,validation
Ugg3dWTOxryFfHgCoAEC,04kJtp6pVXI,validation
Ugg7Gd006w1MPngCoAEC,04kJtp6pVXI,validation
Ugg8FfTbbNF8IngCoAEC,04kJtp6pVXI,validation
Ugg9a6FtoXdxmXgCoAEC,04kJtp6pVXI,validation
Ugga9KzkNDGvlXgCoAEC,04kJtp6pVXI,validation
UggBlIXoph7p-3gCoAEC,04kJtp6pVXI,validation
UggD1aYSn7KOR3gCoAEC,04kJtp6pVXI,validation
UggGm8a1fu8brngCoAEC,04kJtp6pVXI,validation
UggguNlx1Uu89HgCoAEC,04kJtp6pVXI,validation
UggHKcxZ-FvsJ3gCoAEC,04kJtp6pVXI,validation
UggLbJp619j8BHgCoAEC,04kJtp6pVXI,validation
UggMY2Oggks5LngCoAEC,04kJtp6pVXI,validation
UggNrFQh7L5JuXgCoAEC,04kJtp6pVXI,validation
UggPT9Z38D5yt3gCoAEC,04kJtp6pVXI,validation
UggRCZiMOIRLg3gCoAEC,04kJtp6pVXI,validation
UggSYiWItbnmgngCoAEC,04kJtp6pVXI,validation
Uggt6lvUxwS-7XgCoAEC,04kJtp6pVXI,validation
Uggte-vb2ZLTQ3gCoAEC,04kJtp6pVXI,validation
UggtH27r-TTcZHgCoAEC,04kJtp6pVXI,validation
UggtknH4gMWWfXgCoAEC,04kJtp6pVXI,validation
Ugg-ucO02B7XO3gCoAEC,04kJtp6pVXI,validation
UgguFITdgu455HgCoAEC,04kJtp6pVXI,validation
UggwBWh5il3cfXgCoAEC,04kJtp6pVXI,validation
UggWg1MBoBR7x3gCoAEC,04kJtp6pVXI,validation
UggxCL2J1VOhLHgCoAEC,04kJtp6pVXI,validation
UggY2U73L3toO3gCoAEC,04kJtp6pVXI,validation
Uggy6MHKQWnfo3gCoAEC,04kJtp6pVXI,validation
UggyCKjvUlfBYHgCoAEC,04kJtp6pVXI,validation
UggYHsvinXkgM3gCoAEC,04kJtp6pVXI,validation
UggyJcZ89cWxUngCoAEC,04kJtp6pVXI,validation
Ugh0tf8ZI_s6z3gCoAEC,04kJtp6pVXI,validation
Ugh1YgMkYS1iingCoAEC,04kJtp6pVXI,validation
Ugh4DQdAIl3qUXgCoAEC,04kJtp6pVXI,validation
Ugh6foWeFvORtXgCoAEC,04kJtp6pVXI,validation
Ugh8Z3_R5r7iungCoAEC,04kJtp6pVXI,validation
UghANuDr-RLrqXgCoAEC,04kJtp6pVXI,validation
UghBkatZ4WY1uXgCoAEC,04kJtp6pVXI,validation
UghBYihvgoUqcHgCoAEC,04kJtp6pVXI,validation
UghcKD-yV_JR5XgCoAEC,04kJtp6pVXI,validation
UghcMPVXe6XJengCoAEC,04kJtp6pVXI,validation
UghCqsUPSUHkF3gCoAEC,04kJtp6pVXI,validation
UghEcCSj9amFtXgCoAEC,04kJtp6pVXI,validation
UgheEXayk90xIngCoAEC,04kJtp6pVXI,validation
UghHgshwzX7053gCoAEC,04kJtp6pVXI,validation
UghIBNvkzZh-xHgCoAEC,04kJtp6pVXI,validation
UghICkPqoL9jJ3gCoAEC,04kJtp6pVXI,validation
UghKXFnZ33ZOSXgCoAEC,04kJtp6pVXI,validation
UghlkAzZr3_fI3gCoAEC,04kJtp6pVXI,validation
Ughm_dpizWFohHgCoAEC,04kJtp6pVXI,validation
UghmRzgOUqMozXgCoAEC,04kJtp6pVXI,validation
Ughn17bxW7f5QXgCoAEC,04kJtp6pVXI,validation
Ughnjn7WwwIgbHgCoAEC,04kJtp6pVXI,validation
UghnzyBgv-jQ9ngCoAEC,04kJtp6pVXI,validation
UghofW5VYVB8n3gCoAEC,04kJtp6pVXI,validation
UgholOxRzEdkW3gCoAEC,04kJtp6pVXI,validation
UghOm2iqM9-AYngCoAEC,04kJtp6pVXI,validation
UghOrBUXagc6J3gCoAEC,04kJtp6pVXI,validation
UghP0v4pSXeRY3gCoAEC,04kJtp6pVXI,validation
UghPM1HvcyCWxHgCoAEC,04kJtp6pVXI,validation
UghpqNHDIz3pMngCoAEC,04kJtp6pVXI,validation
UghpY-GpHN0YpngCoAEC,04kJtp6pVXI,validation
UghR9QQYvJx-RHgCoAEC,04kJtp6pVXI,validation
UghRKLaioSvLOHgCoAEC,04kJtp6pVXI,validation
UghRygE9vO9A83gCoAEC,04kJtp6pVXI,validation
Ughs3w350i3DvXgCoAEC,04kJtp6pVXI,validation
UghTCrl4YYJ-qHgCoAEC,04kJtp6pVXI,validation
UghtQ_3FOmw6W3gCoAEC,04kJtp6pVXI,validation
UghTxr-iist_7ngCoAEC,04kJtp6pVXI,validation
UghVbr3QCu8ckngCoAEC,04kJtp6pVXI,validation
UghVVDZrCYMG_3gCoAEC,04kJtp6pVXI,validation
UghvxEUB679Ug3gCoAEC,04kJtp6pVXI,validation
UghWdXOwEJc0eHgCoAEC,04kJtp6pVXI,validation
UghWm5GCsm7byXgCoAEC,04kJtp6pVXI,validation
UghY8Jytv5XqC3gCoAEC,04kJtp6pVXI,validation
UghyTs2sJC_jSXgCoAEC,04kJtp6pVXI,validation
Ughzp24D_j0sw3gCoAEC,04kJtp6pVXI,validation
Ugi0Cfb82xGsongCoAEC,04kJtp6pVXI,validation
Ugi1CjkwLYHcvHgCoAEC,04kJtp6pVXI,validation
Ugi2H0FCe-_y4ngCoAEC,04kJtp6pVXI,validation
Ugi3AdgMRYrQUHgCoAEC,04kJtp6pVXI,validation
Ugi8SNusKxJjQXgCoAEC,04kJtp6pVXI,validation
UgiBmDegoK7fvHgCoAEC,04kJtp6pVXI,validation
UgiBZnwqmnNYUXgCoAEC,04kJtp6pVXI,validation
Ugif7J_LQBVe_HgCoAEC,04kJtp6pVXI,validation
Ugi-hbdDmIuKVHgCoAEC,04kJtp6pVXI,validation
Ugi-HtibDw0eongCoAEC,04kJtp6pVXI,validation
UgiIASdSnR-gi3gCoAEC,04kJtp6pVXI,validation
UgiId66Fu7KrDXgCoAEC,04kJtp6pVXI,validation
UgiifTZEiDlZJ3gCoAEC,04kJtp6pVXI,validation
UgiiIyWpe1-9H3gCoAEC,04kJtp6pVXI,validation
UgijB5AT7Ka-rngCoAEC,04kJtp6pVXI,validation
UgiKFJ8QuPBoQXgCoAEC,04kJtp6pVXI,validation
UgiLaetJkobicXgCoAEC,04kJtp6pVXI,validation
UgilC8NhlKosBXgCoAEC,04kJtp6pVXI,validation
UgilJs0s4YO3engCoAEC,04kJtp6pVXI,validation
UgilNUPOY8iZqHgCoAEC,04kJtp6pVXI,validation
UgiLP4HQY3jn8ngCoAEC,04kJtp6pVXI,validation
UgilQ0CFxc2R2ngCoAEC,04kJtp6pVXI,validation
UgiLu77_0Psl-ngCoAEC,04kJtp6pVXI,validation
Ugim0ATq1CahpXgCoAEC,04kJtp6pVXI,validation
UgimdJUjeexMSXgCoAEC,04kJtp6pVXI,validation
UgiMG4rmSGTPFHgCoAEC,04kJtp6pVXI,validation
Ugip_LuksKEoTngCoAEC,04kJtp6pVXI,validation
Ugip7WiT0N70OngCoAEC,04kJtp6pVXI,validation
UgiPerbilaHyd3gCoAEC,04kJtp6pVXI,validation
UgiphX72LCH4DHgCoAEC,04kJtp6pVXI,validation
UgiqNW9ItqyWn3gCoAEC,04kJtp6pVXI,validation
UgiSRMPdr7U1M3gCoAEC,04kJtp6pVXI,validation
UgiStOF4aTGzkHgCoAEC,04kJtp6pVXI,validation
UgisXJAFxN9xb3gCoAEC,04kJtp6pVXI,validation
UgiTRvecgPKSkXgCoAEC,04kJtp6pVXI,validation
Ugiu2Rjc7ztWR3gCoAEC,04kJtp6pVXI,validation
UgiW57FWwW2b7ngCoAEC,04kJtp6pVXI,validation
UgiXAtoQ6AKQh3gCoAEC,04kJtp6pVXI,validation
UgiykroK1kAh1HgCoAEC,04kJtp6pVXI,validation
UgiYpjIfcTkpz3gCoAEC,04kJtp6pVXI,validation
Ugj3_gxzwZGN93gCoAEC,04kJtp6pVXI,validation
Ugj5SpLvQHnR_HgCoAEC,04kJtp6pVXI,validation
Ugj6hV7kfq8NZ3gCoAEC,04kJtp6pVXI,validation
Ugj7h6FZ9x14_3gCoAEC,04kJtp6pVXI,validation
Ugj9JrBQSvQ1mHgCoAEC,04kJtp6pVXI,validation
UgjAbTq8jPYe-3gCoAEC,04kJtp6pVXI,validation
UgjaIDpGIJRjungCoAEC,04kJtp6pVXI,validation
Ugjax0Ijp6FTgXgCoAEC,04kJtp6pVXI,validation
UgjBBBmH3xFa6ngCoAEC,04kJtp6pVXI,validation
UgjBeAouVGlnHHgCoAEC,04kJtp6pVXI,validation
Ugj-d4OvbPSsp3gCoAEC,04kJtp6pVXI,validation
UgjDj4EdLYK2DHgCoAEC,04kJtp6pVXI,validation
UgjDkqFGun9P7XgCoAEC,04kJtp6pVXI,validation
UgjDNWUuHfmW8ngCoAEC,04kJtp6pVXI,validation
Ugjek7V9EALpd3gCoAEC,04kJtp6pVXI,validation
UgjElqgr_N7Rz3gCoAEC,04kJtp6pVXI,validation
UgjfhaN-0hZ-l3gCoAEC,04kJtp6pVXI,validation
UgjfTxEkymS1K3gCoAEC,04kJtp6pVXI,validation
UgjhXqKvY-E1HHgCoAEC,04kJtp6pVXI,validation
UgjI7Oy_v6z_k3gCoAEC,04kJtp6pVXI,validation
UgjJBCVWZfyM6ngCoAEC,04kJtp6pVXI,validation
UgjKH2wDH7jQ3ngCoAEC,04kJtp6pVXI,validation
UgjlrNXeyEXBwXgCoAEC,04kJtp6pVXI,validation
UgjM74PGGbwFY3gCoAEC,04kJtp6pVXI,validation
UgjmzNGyJF1uzHgCoAEC,04kJtp6pVXI,validation
UgjNiAdoDPMUW3gCoAEC,04kJtp6pVXI,validation
UgjodqpHT_cLnHgCoAEC,04kJtp6pVXI,validation
Ugj-OPIvnk0plHgCoAEC,04kJtp6pVXI,validation
UgjP7lbdAZIARXgCoAEC,04kJtp6pVXI,validation
UgjPbUB7WBPWGngCoAEC,04kJtp6pVXI,validation
UgjPxVdzjpe293gCoAEC,04kJtp6pVXI,validation
UgjQHirhwcgJDXgCoAEC,04kJtp6pVXI,validation
UgjqOULoobsFBXgCoAEC,04kJtp6pVXI,validation
UgjqUwip_APfmXgCoAEC,04kJtp6pVXI,validation
UgjrGaGIqNBEk3gCoAEC,04kJtp6pVXI,validation
UgjsJRASPa3OWHgCoAEC,04kJtp6pVXI,validation
UgjUmLh6NzcUIHgCoAEC,04kJtp6pVXI,validation
UgjuofaJSKK4uXgCoAEC,04kJtp6pVXI,validation
UgjuogKZIaJQBHgCoAEC,04kJtp6pVXI,validation
UgjuxrM3xLeDeHgCoAEC,04kJtp6pVXI,validation
UgjV8NXrlSv2VngCoAEC,04kJtp6pVXI,validation
UgjVBYXVv7PQf3gCoAEC,04kJtp6pVXI,validation
UgjVMgqlNAhoK3gCoAEC,04kJtp6pVXI,validation
UgjvtB3VfyMZK3gCoAEC,04kJtp6pVXI,validation
UgjvVnP2cOilnngCoAEC,04kJtp6pVXI,validation
UgjxJ_ExKvTTXHgCoAEC,04kJtp6pVXI,validation
UgjYlZFb9Q4INXgCoAEC,04kJtp6pVXI,validation
UgjzR_tdZMjDS3gCoAEC,04kJtp6pVXI,validation
UgxBjt_X4L_CJVJj5Bd4AaABAg,04kJtp6pVXI,validation
UgxLEI53zv4W0gHViIZ4AaABAg,04kJtp6pVXI,validation
Ugy6oqzu8FkIxZzVJyJ4AaABAg,04kJtp6pVXI,validation
UgzC_c8tgugNMnlG48N4AaABAg,04kJtp6pVXI,validation
UgzqKHuL0a2Rw3aQw3J4AaABAg,04kJtp6pVXI,validation
UgzrlizM92NKM2eGpvl4AaABAg,04kJtp6pVXI,validation
Ugg1pPxlPlgCFXgCoAEC,4rCweDxDqdw,validation
Ugg2XFg6ay0y33gCoAEC,4rCweDxDqdw,validation
UggOHjEF4Yr5p3gCoAEC,4rCweDxDqdw,validation
UggrBEWmmOsJq3gCoAEC,4rCweDxDqdw,validation
UggSgP25ZN0a2ngCoAEC,4rCweDxDqdw,validation
Ugh_2nNUObQRbHgCoAEC,4rCweDxDqdw,validation
UghaNFtOPqPjvXgCoAEC,4rCweDxDqdw,validation
UghGHkOxrTnznngCoAEC,4rCweDxDqdw,validation
UghHKaYbyJMEp3gCoAEC,4rCweDxDqdw,validation
UghHXFtt3YyAhngCoAEC,4rCweDxDqdw,validation
UghJ14Iw9IfBy3gCoAEC,4rCweDxDqdw,validation
UghP2ZYNaUgv-XgCoAEC,4rCweDxDqdw,validation
UghSDD6vMijHSHgCoAEC,4rCweDxDqdw,validation
UghSrKWXiIw663gCoAEC,4rCweDxDqdw,validation
UghTL-UF1SEwzHgCoAEC,4rCweDxDqdw,validation
Ughtzm6ks6FsIXgCoAEC,4rCweDxDqdw,validation
UghzjrDLqleo9HgCoAEC,4rCweDxDqdw,validation
Ugi_4iRsu9Skx3gCoAEC,4rCweDxDqdw,validation
Ugi4kKODyEmlvXgCoAEC,4rCweDxDqdw,validation
Ugi74Ltg5U6W4XgCoAEC,4rCweDxDqdw,validation
Ugi7FqQWmQYFGXgCoAEC,4rCweDxDqdw,validation
UgignRhfXmAlhXgCoAEC,4rCweDxDqdw,validation
UgimajRNYpD17XgCoAEC,4rCweDxDqdw,validation
UgiYcJff050IdHgCoAEC,4rCweDxDqdw,validation
UgiZ0uPciaqqCHgCoAEC,4rCweDxDqdw,validation
Ugj6KaiR6Y27RngCoAEC,4rCweDxDqdw,validation
UgjEVu1dSOaIJ3gCoAEC,4rCweDxDqdw,validation
UgjeXpjsshe9GHgCoAEC,4rCweDxDqdw,validation
UgjGXwDAaQDElXgCoAEC,4rCweDxDqdw,validation
UgjhYhKJO47d-XgCoAEC,4rCweDxDqdw,validation
UgjMdghS2VaoXHgCoAEC,4rCweDxDqdw,validation
Ugj-oYTmB9sg6ngCoAEC,4rCweDxDqdw,validation
UgjpvWbzRLwcsHgCoAEC,4rCweDxDqdw,validation
UgjRkXbzGzSBHngCoAEC,4rCweDxDqdw,validation
UgjWd_JsIlOo9XgCoAEC,4rCweDxDqdw,validation
UgjyZIj3j48MXngCoAEC,4rCweDxDqdw,validation
UgzaiZ1HSxzNP7RuC8V4AaABAg,4rCweDxDqdw,validation
UggLdovvjLOAV3gCoAEC,5vF4si3hoRA,test
Ugh79Qc3dbNIKHgCoAEC,5vF4si3hoRA,test
UghzXm6KuFRXiXgCoAEC,5vF4si3hoRA,test
UgiTGy7BpATRg3gCoAEC,5vF4si3hoRA,test
UgjDbvsTSk3YqngCoAEC,5vF4si3hoRA,test
UgjTdFn9GIs9dngCoAEC,5vF4si3hoRA,test
Ugwz4Qt5dHpq1CN3e6x4AaABAg,5vF4si3hoRA,test
UgzHiTJpcabrtTKDJXJ4AaABAg,5vF4si3hoRA,test
Ugg6zFEJoC75_3gCoAEC,8HB18hZrhXc,train
Uggk77ZgVKBK7ngCoAEC,8HB18hZrhXc,train
UggNotjamqXzKHgCoAEC,8HB18hZrhXc,train
UgguTFgWowTmWHgCoAEC,8HB18hZrhXc,train
UghBlbV9tbPVqXgCoAEC,8HB18hZrhXc,train
UghFKFz1sE6uOXgCoAEC,8HB18hZrhXc,train
UghJiwZHx0DaT3gCoAEC,8HB18hZrhXc,train
UghuRUmx8vyL8HgCoAEC,8HB18hZrhXc,train
UghVaJ1e2NLNB3gCoAEC,8HB18hZrhXc,train
UghysYA5E5uRB3gCoAEC,8HB18hZrhXc,train
Ugi_8PajECy1t3gCoAEC,8HB18hZrhXc,train
Ugi4NlXtbb117ngCoAEC,8HB18hZrhXc,train
Ugi8q6P9SfsxSHgCoAEC,8HB18hZrhXc,train
UgiAV0VaJLBGaXgCoAEC,8HB18hZrhXc,train
UgibkIHcKYp4UHgCoAEC,8HB18hZrhXc,train
UgiE08q1WAgicHgCoAEC,8HB18hZrhXc,train
UgimA8UbV8KGhHgCoAEC,8HB18hZrhXc,train
UgirgdBRGumedHgCoAEC,8HB18hZrhXc,train
Ugj0Rz556abCWXgCoAEC,8HB18hZrhXc,train
UgjJk7DGYGixbXgCoAEC,8HB18hZrhXc,train
Ugjl7AwhYA5GRngCoAEC,8HB18hZrhXc,train
UgjP3NatTbwQvngCoAEC,8HB18hZrhXc,train
Ugjsa_VIAXYDB3gCoAEC,8HB18hZrhXc,train
UgjvMt-VLLvyA3gCoAEC,8HB18hZrhXc,train
Ugjzes4W9Oysw3gCoAEC,8HB18hZrhXc,train
Ugw0Vori1c-fkupDw1d4AaABAg,8HB18hZrhXc,train
UgwfTwcX9w7N8Kupt_R4AaABAg,8HB18hZrhXc,train
UgwLke0YX9B8KLIuM3x4AaABAg,8HB18hZrhXc,train
Ugwo8nzTZpq35EEUSfJ4AaABAg,8HB18hZrhXc,train
UgwzfTejqSMgq_kKC9t4AaABAg,8HB18hZrhXc,train
UgwzOgIFyi7D7CbU4Nt4AaABAg,8HB18hZrhXc,train
Ugy3x2UAt4XUcipNTeZ4AaABAg,8HB18hZrhXc,train
Ugy8ASEo1XznyO4B0tR4AaABAg,8HB18hZrhXc,train
Ugyg_kgb1QWkAWdEKsd4AaABAg,8HB18hZrhXc,train
UgyqcqgyR0dUfI1J59J4AaABAg,8HB18hZrhXc,train
Ugy-S1A2qBkifEb2E-94AaABAg,8HB18hZrhXc,train
UgzpYKnjIcmB7Ch15YR4AaABAg,8HB18hZrhXc,train
UgzQ9csI7aKaeN1tmgd4AaABAg,8HB18hZrhXc,train
Ugg_vc9Qh3OaNHgCoAEC,9pr1oE34bIM,train
Ugg2dih3yblPRXgCoAEC,9pr1oE34bIM,train
Ugg3C07ZWc-6fngCoAEC,9pr1oE34bIM,train
Ugg4cH1XN-JfmHgCoAEC,9pr1oE34bIM,train
Ugg5cceWlk2wKXgCoAEC,9pr1oE34bIM,train
Ugg6J6cjEFf8cXgCoAEC,9pr1oE34bIM,train
Ugg7tmaAPXIEingCoAEC,9pr1oE34bIM,train
Ugg8-b12nbu2-XgCoAEC,9pr1oE34bIM,train
Ugg97M7HImLjcngCoAEC,9pr1oE34bIM,train
Ugg9WO2fOME-kXgCoAEC,9pr1oE34bIM,train
UggAEGisedsvsXgCoAEC,9pr1oE34bIM,train
UggbUWQabAV4KHgCoAEC,9pr1oE34bIM,train
UggcFVNippHDgHgCoAEC,9pr1oE34bIM,train
Uggd4V1_xBv7c3gCoAEC,9pr1oE34bIM,train
UggdUQk8ULFpYXgCoAEC,9pr1oE34bIM,train
UggdxGw2fbcT0XgCoAEC,9pr1oE34bIM,train
UggeJGTjxuw7BXgCoAEC,9pr1oE34bIM,train
UggF1U_TkJzTaXgCoAEC,9pr1oE34bIM,train
UggFEwIh2dDAhXgCoAEC,9pr1oE34bIM,train
UggFKCpU8q1tFHgCoAEC,9pr1oE34bIM,train
UgggEUGK9d1i4ngCoAEC,9pr1oE34bIM,train
UgghcjortIFxa3gCoAEC,9pr1oE34bIM,train
Uggi2Qoy2TduPHgCoAEC,9pr1oE34bIM,train
UggIA6nHLuVcm3gCoAEC,9pr1oE34bIM,train
UggIbSwrByxGXXgCoAEC,9pr1oE34bIM,train
Ugginjdj8uO0KXgCoAEC,9pr1oE34bIM,train
UggiR-zPsqXFt3gCoAEC,9pr1oE34bIM,train
UggiuoZhmLtpVXgCoAEC,9pr1oE34bIM,train
UggIYYD2qSkn73gCoAEC,9pr1oE34bIM,train
Uggj2Z8TsnXPAngCoAEC,9pr1oE34bIM,train
UggjBCQOC3WcUXgCoAEC,9pr1oE34bIM,train
UggJpB3REqSocXgCoAEC,9pr1oE34bIM,train
UggJv-n9AXs0rXgCoAEC,9pr1oE34bIM,train
UggKO3TBRdgPF3gCoAEC,9pr1oE34bIM,train
UggKptArKFf9IngCoAEC,9pr1oE34bIM,train
UggktxNeAtmCR3gCoAEC,9pr1oE34bIM,train
UggKVwV2qoUGbHgCoAEC,9pr1oE34bIM,train
Uggl6OZkHnqeeXgCoAEC,9pr1oE34bIM,train
UggmBJGNC3HCN3gCoAEC,9pr1oE34bIM,train
UggM-fFNFmNZX3gCoAEC,9pr1oE34bIM,train
Ugg-mmBHT4T8ongCoAEC,9pr1oE34bIM,train
UggmnZVP_3mtZngCoAEC,9pr1oE34bIM,train
UggmYvutq7TQT3gCoAEC,9pr1oE34bIM,train
UggN23XYVd645HgCoAEC,9pr1oE34bIM,train
Uggn2MEU8ktaUngCoAEC,9pr1oE34bIM,train
UggNo3CwsWo7vHgCoAEC,9pr1oE34bIM,train
Ugg-OnOaqwandHgCoAEC,9pr1oE34bIM,train
UggOThSsQKcee3gCoAEC,9pr1oE34bIM,train
UggOXqTVv9Ir6ngCoAEC,9pr1oE34bIM,train
UggpkQuWQOHRGXgCoAEC,9pr1oE34bIM,train
UggqGxEmXED_sXgCoAEC,9pr1oE34bIM,train
UggRpy1F0-C0j3gCoAEC,9pr1oE34bIM,train
UggrYrgxQrVjj3gCoAEC,9pr1oE34bIM,train
Uggt_2yhK7oy9HgCoAEC,9pr1oE34bIM,train
UggtDZYM0C-TVngCoAEC,9pr1oE34bIM,train
UggtgJSrpf7Y7XgCoAEC,9pr1oE34bIM,train
Uggtr3_r-awjQHgCoAEC,9pr1oE34bIM,train
UggTTycvIakyJXgCoAEC,9pr1oE34bIM,train
UggtxiCtdYGuVHgCoAEC,9pr1oE34bIM,train
UggUSnyL5_nnJngCoAEC,9pr1oE34bIM,train
UgguXhNlJTeJ53gCoAEC,9pr1oE34bIM,train
UggwTBfPMkN0gngCoAEC,9pr1oE34bIM,train
UggX2vkvXl3xuHgCoAEC,9pr1oE34bIM,train
UggxnUmtxYuo5HgCoAEC,9pr1oE34bIM,train
UggyFugj4B3P6XgCoAEC,9pr1oE34bIM,train
Uggyfw4IbkIqE3gCoAEC,9pr1oE34bIM,train
UggZG-0eAz_w4ngCoAEC,9pr1oE34bIM,train
Ugh_212wEQtweHgCoAEC,9pr1oE34bIM,train
Ugh_3RjrIqp4OHgCoAEC,9pr1oE34bIM,train
Ugh0c9DNUtGcSngCoAEC,9pr1oE34bIM,train
Ugh0cRtTZI7i4ngCoAEC,9pr1oE34bIM,train
Ugh2eF27Mk96vngCoAEC,9pr1oE34bIM,train
Ugh2MdXbI9AneXgCoAEC,9pr1oE34bIM,train
Ugh3WIcv7jaQDXgCoAEC,9pr1oE34bIM,train
Ugh4W1Xv2z1RHHgCoAEC,9pr1oE34bIM,train
Ugh5kjvkxD4YyXgCoAEC,9pr1oE34bIM,train
Ugh6Rrla1CUaKHgCoAEC,9pr1oE34bIM,train
Ugh8Gxx774pX-ngCoAEC,9pr1oE34bIM,train
Ugh9AIys7D6LJngCoAEC,9pr1oE34bIM,train
UghapSmu_S6V1ngCoAEC,9pr1oE34bIM,train
Ughb1qQnc8c0EXgCoAEC,9pr1oE34bIM,train
UghbgJ4nLrHdm3gCoAEC,9pr1oE34bIM,train
UghBotl7zRd2y3gCoAEC,9pr1oE34bIM,train
UghcswFNrJR9a3gCoAEC,9pr1oE34bIM,train
UghCYfz3QB2s-ngCoAEC,9pr1oE34bIM,train
UghdLFHV6E_xmHgCoAEC,9pr1oE34bIM,train
UghDRZ15Ww_vjHgCoAEC,9pr1oE34bIM,train
UghDVbAiniC1pXgCoAEC,9pr1oE34bIM,train
Ughe12cIXpEcVngCoAEC,9pr1oE34bIM,train
UghFPq5wKq9DUHgCoAEC,9pr1oE34bIM,train
UghFVM1KyMmjn3gCoAEC,9pr1oE34bIM,train
UghFx20XhyTsHngCoAEC,9pr1oE34bIM,train
UghgLjufjzFvTngCoAEC,9pr1oE34bIM,train
UghgXK75U-9JnHgCoAEC,9pr1oE34bIM,train
UghH4PsrC-Bt2HgCoAEC,9pr1oE34bIM,train
UghivPrM-uOduXgCoAEC,9pr1oE34bIM,train
UghjblOeosNPsngCoAEC,9pr1oE34bIM,train
Ughjgdd4UTKJxXgCoAEC,9pr1oE34bIM,train
UghjHES-fqXJHHgCoAEC,9pr1oE34bIM,train
UghJltB-F0u8p3gCoAEC,9pr1oE34bIM,train
UghjQVeY1l_NJHgCoAEC,9pr1oE34bIM,train
UghKL_Y4vpNs9XgCoAEC,9pr1oE34bIM,train
UghkL0TppKc553gCoAEC,9pr1oE34bIM,train
UghkXLn32ypsD3gCoAEC,9pr1oE34bIM,train
UghL1Gayf8AqxHgCoAEC,9pr1oE34bIM,train
UghlR9W-Id-xQ3gCoAEC,9pr1oE34bIM,train
Ughm4XDePtNnD3gCoAEC,9pr1oE34bIM,train
UghMUG3TlkIyOXgCoAEC,9pr1oE34bIM,train
UghnBX5IHvqDxHgCoAEC,9pr1oE34bIM,train
UghNyPsvZ8Jm-HgCoAEC,9pr1oE34bIM,train
UghpgVkCd2y1k3gCoAEC,9pr1oE34bIM,train
UghqB5l4L4hbbngCoAEC,9pr1oE34bIM,train
UghR_lflp3-nJngCoAEC,9pr1oE34bIM,train
Ughr2JCuQY5mhXgCoAEC,9pr1oE34bIM,train
UghRGHXTHqudOXgCoAEC,9pr1oE34bIM,train
UghRrNwbr5KBengCoAEC,9pr1oE34bIM,train
UghSOLR4JDb4v3gCoAEC,9pr1oE34bIM,train
UghSOw-TVatZrHgCoAEC,9pr1oE34bIM,train
UghswZ7OO7ECzngCoAEC,9pr1oE34bIM,train
UghUEX_-eNfdeXgCoAEC,9pr1oE34bIM,train
UghuQ7I-R5u7zngCoAEC,9pr1oE34bIM,train
UghUutlrIwRnm3gCoAEC,9pr1oE34bIM,train
UghV86XDpeXqN3gCoAEC,9pr1oE34bIM,train
UghWejVGi6gA43gCoAEC,9pr1oE34bIM,train
Ughx0GLGJMIon3gCoAEC,9pr1oE34bIM,train
Ughx64L4ti9Xd3gCoAEC,9pr1oE34bIM,train
UghxPDY91LzI_XgCoAEC,9pr1oE34bIM,train
UghxwwNKFofQV3gCoAEC,9pr1oE34bIM,train
UghxzBEM7k_5oHgCoAEC,9pr1oE34bIM,train
UghymkZRefzF9HgCoAEC,9pr1oE34bIM,train
UghyXMdiUS3R6XgCoAEC,9pr1oE34bIM,train
UghZ0GxRWjjtzXgCoAEC,9pr1oE34bIM,train
UghZdtO-X_OiGHgCoAEC,9pr1oE34bIM,train
Ugi_6fj40d8GBngCoAEC,9pr1oE34bIM,train
Ugi_ofJvcozDSXgCoAEC,9pr1oE34bIM,train
Ugi28hnRXGuoEngCoAEC,9pr1oE34bIM,train
Ugi2D2J9ryibsngCoAEC,9pr1oE34bIM,train
Ugi3jDCc-p-YU3gCoAEC,9pr1oE34bIM,train
Ugi4EuOX3ajKEXgCoAEC,9pr1oE34bIM,train
Ugi7qter96VmungCoAEC,9pr1oE34bIM,train
Ugi90oP3_nO3lXgCoAEC,9pr1oE34bIM,train
UgiaCs0lyI-CGXgCoAEC,9pr1oE34bIM,train
UgiAxtQoe6zezHgCoAEC,9pr1oE34bIM,train
UgiBd5_JgZmkLXgCoAEC,9pr1oE34bIM,train
Ugibs9zqNcyXY3gCoAEC,9pr1oE34bIM,train
UgicaQKABWnGzngCoAEC,9pr1oE34bIM,train
UgicXd44QtS0D3gCoAEC,9pr1oE34bIM,train
UgidFDMnBCsYXngCoAEC,9pr1oE34bIM,train
UgiDwqea9kPlTXgCoAEC,9pr1oE34bIM,train
UgidxPTMDu9633gCoAEC,9pr1oE34bIM,train
Ugie6_SVDwjE4HgCoAEC,9pr1oE34bIM,train
UgiEU3lZZ276EXgCoAEC,9pr1oE34bIM,train
Ugifhdx2Nn8PQ3gCoAEC,9pr1oE34bIM,train
UgifnKoH5e8fIHgCoAEC,9pr1oE34bIM,train
UgiFSYf7PhDUd3gCoAEC,9pr1oE34bIM,train
UgigJWvhjPTtDXgCoAEC,9pr1oE34bIM,train
Ugigl4XGkNFMMHgCoAEC,9pr1oE34bIM,train
UgihE6xeiPTihHgCoAEC,9pr1oE34bIM,train
UgiHPN6Pa7633ngCoAEC,9pr1oE34bIM,train
UgihxPDXGDbsyXgCoAEC,9pr1oE34bIM,train
UgiIiGH-eTP3AXgCoAEC,9pr1oE34bIM,train
UgiIR4s7rz-Wr3gCoAEC,9pr1oE34bIM,train
UgiixDwSB5aUdXgCoAEC,9pr1oE34bIM,train
Ugij7I2Fqtdb8HgCoAEC,9pr1oE34bIM,train
UgiK2ifbuOZWJngCoAEC,9pr1oE34bIM,train
UgikjrljA1NcWXgCoAEC,9pr1oE34bIM,train
UgiktGvDhtO6YngCoAEC,9pr1oE34bIM,train
UgiLkxNi2d8b8XgCoAEC,9pr1oE34bIM,train
UgilnAyNgOEiCngCoAEC,9pr1oE34bIM,train
UgiLoDtsZBccZXgCoAEC,9pr1oE34bIM,train
UgilrITkmW-kdXgCoAEC,9pr1oE34bIM,train
UgilSzQ81KO3zngCoAEC,9pr1oE34bIM,train
UginHSF2kYVug3gCoAEC,9pr1oE34bIM,train
UginHWHzGxklGngCoAEC,9pr1oE34bIM,train
Ugio2mAeQzK4z3gCoAEC,9pr1oE34bIM,train
Ugip4rzYRwkfT3gCoAEC,9pr1oE34bIM,train
UgipNLxmdYq6C3gCoAEC,9pr1oE34bIM,train
Ugipy41Yu1w1DHgCoAEC,9pr1oE34bIM,train
Ugiq0SQkpRsy9HgCoAEC,9pr1oE34bIM,train
UgiQ6rR8-yyLZHgCoAEC,9pr1oE34bIM,train
UgiQjn-ai72EUXgCoAEC,9pr1oE34bIM,train
Ugiqp9Y1iGeKg3gCoAEC,9pr1oE34bIM,train
UgiqSR-xtx2Xd3gCoAEC,9pr1oE34bIM,train
Ugir5Lgl83aXSXgCoAEC,9pr1oE34bIM,train
UgiRdlTIK793_ngCoAEC,9pr1oE34bIM,train
UgisJqoRxSeFn3gCoAEC,9pr1oE34bIM,train
UgisoZHcRm6m4HgCoAEC,9pr1oE34bIM,train
UgisyW8IEanOC3gCoAEC,9pr1oE34bIM,train
UgitgYg2JEb-VHgCoAEC,9pr1oE34bIM,train
UgiTynItZhDJ4XgCoAEC,9pr1oE34bIM,train
Ugiu2PRygbRe1XgCoAEC,9pr1oE34bIM,train
UgiuUjW7qzXNJ3gCoAEC,9pr1oE34bIM,train
UgiuVO5vj4mlBHgCoAEC,9pr1oE34bIM,train
UgiUX2v7ObTI5ngCoAEC,9pr1oE34bIM,train
UgiWKCAoJJjRsXgCoAEC,9pr1oE34bIM,train
UgiX_Wrqtu5uvngCoAEC,9pr1oE34bIM,train
Ugiz1wqOhehmZngCoAEC,9pr1oE34bIM,train
Ugiz4WMNjROm33gCoAEC,9pr1oE34bIM,train
Ugiz7HHQIvTRqHgCoAEC,9pr1oE34bIM,train
Ugiz8myZ5rjRKngCoAEC,9pr1oE34bIM,train
UgiZMAhCt-R4rXgCoAEC,9pr1oE34bIM,train
Ugj0S6GYM3yCc3gCoAEC,9pr1oE34bIM,train
Ugj0Z8ZQzjZMq3gCoAEC,9pr1oE34bIM,train
Ugj21C3HseoGPHgCoAEC,9pr1oE34bIM,train
Ugj2qHC0gktMKXgCoAEC,9pr1oE34bIM,train
Ugj40v4M5IYEGHgCoAEC,9pr1oE34bIM,train
Ugj5NyPZi71gHngCoAEC,9pr1oE34bIM,train
Ugj5pbZpyIAJUHgCoAEC,9pr1oE34bIM,train
Ugj5wkeg50LL93gCoAEC,9pr1oE34bIM,train
Ugj6nZkcYnmMc3gCoAEC,9pr1oE34bIM,train
Ugj6uLTt0_Weu3gCoAEC,9pr1oE34bIM,train
Ugj7vqrD17dRF3gCoAEC,9pr1oE34bIM,train
Ugj96ojKH5Ui7XgCoAEC,9pr1oE34bIM,train
Ugj9P4pwefve1XgCoAEC,9pr1oE34bIM,train
Ugj9qky2IJzNTngCoAEC,9pr1oE34bIM,train
UgjA7WCImkpudXgCoAEC,9pr1oE34bIM,train
UgjaLYTtVFDllngCoAEC,9pr1oE34bIM,train
UgjapiiA0aT2eHgCoAEC,9pr1oE34bIM,train
UgjBsgr52juC5XgCoAEC,9pr1oE34bIM,train
UgjBydVrwgC-AHgCoAEC,9pr1oE34bIM,train
UgjcddF-gK8JbHgCoAEC,9pr1oE34bIM,train
UgjCNouAV9C-w3gCoAEC,9pr1oE34bIM,train
UgjcP20e0dVo9XgCoAEC,9pr1oE34bIM,train
UgjDzjqZ_dYyA3gCoAEC,9pr1oE34bIM,train
UgjE9_GvZ2H4wngCoAEC,9pr1oE34bIM,train
UgjeQVBkW-0liXgCoAEC,9pr1oE34bIM,train
UgjgD-riwa9yRXgCoAEC,9pr1oE34bIM,train
UgjGgOEMa0zTS3gCoAEC,9pr1oE34bIM,train
UgjhPS0SJyWdGHgCoAEC,9pr1oE34bIM,train
UgjHvr0GmG91F3gCoAEC,9pr1oE34bIM,train
UgjI4sLbI13lfXgCoAEC,9pr1oE34bIM,train
UgjIS2s-JKQ7N3gCoAEC,9pr1oE34bIM,train
UgjJn8om2tZ30ngCoAEC,9pr1oE34bIM,train
UgjJye9wwqEitngCoAEC,9pr1oE34bIM,train
UgjkF7A5eFla9HgCoAEC,9pr1oE34bIM,train
UgjLNhMb6UiTJngCoAEC,9pr1oE34bIM,train
Ugjm-C4rq2RR9XgCoAEC,9pr1oE34bIM,train
Ugjmo852I70RjngCoAEC,9pr1oE34bIM,train
UgjMOUYanjnjhHgCoAEC,9pr1oE34bIM,train
UgjN5JiqMICWD3gCoAEC,9pr1oE34bIM,train
Ugjn5LpbmrWSeHgCoAEC,9pr1oE34bIM,train
Ugjndgn6iu0fZ3gCoAEC,9pr1oE34bIM,train
UgjniGdjP3qMEngCoAEC,9pr1oE34bIM,train
UgjNJBczsnkZAXgCoAEC,9pr1oE34bIM,train
UgjNNeXI49XIWHgCoAEC,9pr1oE34bIM,train
UgjOlOPx1b2rRXgCoAEC,9pr1oE34bIM,train
UgjP6UNTb1Hco3gCoAEC,9pr1oE34bIM,train
UgjPoCiqD_x21HgCoAEC,9pr1oE34bIM,train
UgjQ_wZol5DmqHgCoAEC,9pr1oE34bIM,train
UgjQRVW_CrwB_XgCoAEC,9pr1oE34bIM,train
UgjQXRKNdpUPu3gCoAEC,9pr1oE34bIM,train
UgjR2vUGwXV6ongCoAEC,9pr1oE34bIM,train
Ugjr-OyR73uZKngCoAEC,9pr1oE34bIM,train
UgjRS-SpJNKl6XgCoAEC,9pr1oE34bIM,train
UgjSbD2eqrAQKngCoAEC,9pr1oE34bIM,train
Ugjs-f3G2GK1YXgCoAEC,9pr1oE34bIM,train
UgjSn4WFsLlygngCoAEC,9pr1oE34bIM,train
UgjtqUBN4nZlJ3gCoAEC,9pr1oE34bIM,train
UgjTUpHCXLVsMXgCoAEC,9pr1oE34bIM,train
UgjusmCgePNI53gCoAEC,9pr1oE34bIM,train
UgjVdpqu_pKsEHgCoAEC,9pr1oE34bIM,train
UgjVUB7Ghp2n1XgCoAEC,9pr1oE34bIM,train
UgjvXESe-olTwXgCoAEC,9pr1oE34bIM,train
Ugjw4pEB_XxsF3gCoAEC,9pr1oE34bIM,train
Ugjx67U-tfj-TXgCoAEC,9pr1oE34bIM,train
UgjXMssPhZkGtngCoAEC,9pr1oE34bIM,train
UgjxVU0ok82_bXgCoAEC,9pr1oE34bIM,train
UgjydCBc6g_p63gCoAEC,9pr1oE34bIM,train
UgjZ02fatvBFd3gCoAEC,9pr1oE34bIM,train
Ugw1_MGpTQQb8j6dhN14AaABAg,9pr1oE34bIM,train
UgwD8sHTmb1Qc3ZCTTZ4AaABAg,9pr1oE34bIM,train
UgwU3r9jBORORMSF-Gt4AaABAg,9pr1oE34bIM,train
UgxPdrXfTjuUJOZC8L94AaABAg,9pr1oE34bIM,train
Ugz6NJwviJUnV-eT2rp4AaABAg,9pr1oE34bIM,train
Uggag40IEfpGlXgCoAEC,bUgKZMSxr3E,test
UggGaHoBXiLwX3gCoAEC,bUgKZMSxr3E,test
UggIH-DopMWwGHgCoAEC,bUgKZMSxr3E,test
UggJ_WXiHE_SO3gCoAEC,bUgKZMSxr3E,test
UggmJR4_UwYwvngCoAEC,bUgKZMSxr3E,test
UggMo8eV2JB2VngCoAEC,bUgKZMSxr3E,test
UggpRw9EaIbrr3gCoAEC,bUgKZMSxr3E,test
UggRBB-UTTgC_XgCoAEC,bUgKZMSxr3E,test
UggsPfVvKN6mIXgCoAEC,bUgKZMSxr3E,test
Ugh2-272oJjWFXgCoAEC,bUgKZMSxr3E,test
UghAPwRy_Lp8ongCoAEC,bUgKZMSxr3E,test
Ughd2Wge6XyijngCoAEC,bUgKZMSxr3E,test
Ugho0sQgP1MD-XgCoAEC,bUgKZMSxr3E,test
UghorOXWNjR2gngCoAEC,bUgKZMSxr3E,test
UghTbeL1iAx6OHgCoAEC,bUgKZMSxr3E,test
Ugi5cUBWjgz7yHgCoAEC,bUgKZMSxr3E,test
Ugi6i7nhkacyRHgCoAEC,bUgKZMSxr3E,test
UgiF5ETsIyVBzngCoAEC,bUgKZMSxr3E,test
UgiFqiEztRWLqHgCoAEC,bUgKZMSxr3E,test
UgiIDbm79QJxW3gCoAEC,bUgKZMSxr3E,test
UgiJNNlr-YtRP3gCoAEC,bUgKZMSxr3E,test
UgimKNsmnn_WBXgCoAEC,bUgKZMSxr3E,test
UgiNqRgRgRoGhXgCoAEC,bUgKZMSxr3E,test
UgiQwbFNDy7UDHgCoAEC,bUgKZMSxr3E,test
UgiSptL-dfSRVXgCoAEC,bUgKZMSxr3E,test
UgiVB59aHP5n2XgCoAEC,bUgKZMSxr3E,test
UgiwFK0Re-Ud2XgCoAEC,bUgKZMSxr3E,test
UgiXGE6Nphx0HXgCoAEC,bUgKZMSxr3E,test
UgiY2XNo_8ncNngCoAEC,bUgKZMSxr3E,test
Ugj7qQ41Muta4HgCoAEC,bUgKZMSxr3E,test
UgjOdyLpPwP5eHgCoAEC,bUgKZMSxr3E,test
UgjRL9Mscb68YHgCoAEC,bUgKZMSxr3E,test
UgjuWRJ6If9ULngCoAEC,bUgKZMSxr3E,test
UgjZfQ0pFSjRTngCoAEC,bUgKZMSxr3E,test
UgwmCnUQnl3h1ueHgYJ4AaABAg,bUgKZMSxr3E,test
UgxCr9meQNvZCGIKSk54AaABAg,bUgKZMSxr3E,test
UgyLxA__utHo58p6bhF4AaABAg,bUgKZMSxr3E,test
UgySLp6DGLoWk-e1gnN4AaABAg,bUgKZMSxr3E,test
UgzVltWFV2cUp6ovHg94AaABAg,bUgKZMSxr3E,test
Ugg_LN-zUkz_PngCoAEC,cT14IbTDW2c,train
UggF_MnS30YLE3gCoAEC,cT14IbTDW2c,train
UggGXzt_2290engCoAEC,cT14IbTDW2c,train
Ugg-IKh_49-oy3gCoAEC,cT14IbTDW2c,train
Uggj8J2x-OYpCngCoAEC,cT14IbTDW2c,train
UggNBH1r_XI433gCoAEC,cT14IbTDW2c,train
UggTMjGeW1JsQngCoAEC,cT14IbTDW2c,train
UggxaTAMg799zngCoAEC,cT14IbTDW2c,train
UggXNfJ2-tu843gCoAEC,cT14IbTDW2c,train
Ughd4n_Ov0nWmngCoAEC,cT14IbTDW2c,train
UghfCPYziwel63gCoAEC,cT14IbTDW2c,train
Ughj2Fv5cGqJX3gCoAEC,cT14IbTDW2c,train
UghowP95HYyzrXgCoAEC,cT14IbTDW2c,train
UghqhDLqddCwuHgCoAEC,cT14IbTDW2c,train
UghRGM0aDMSjRXgCoAEC,cT14IbTDW2c,train
UghrQePFFLNuKHgCoAEC,cT14IbTDW2c,train
UghuUfcTyW0VWXgCoAEC,cT14IbTDW2c,train
UghYIMGnsNsUU3gCoAEC,cT14IbTDW2c,train
Ugi4LI1VSkQrvXgCoAEC,cT14IbTDW2c,train
Ugi6KUdIF8QGa3gCoAEC,cT14IbTDW2c,train
UgiDk3TGZC1ID3gCoAEC,cT14IbTDW2c,train
UgiEnteK6LhZvHgCoAEC,cT14IbTDW2c,train
UgitW5q7dCpHhngCoAEC,cT14IbTDW2c,train
UgivTWqdKh-ydHgCoAEC,cT14IbTDW2c,train
UgiXm5jxvkdIxHgCoAEC,cT14IbTDW2c,train
Ugi-Y6XWZdsDxHgCoAEC,cT14IbTDW2c,train
UgiYSApmawkOOXgCoAEC,cT14IbTDW2c,train
Ugj-0RTLVplXZngCoAEC,cT14IbTDW2c,train
Ugj7tZH39yyfSHgCoAEC,cT14IbTDW2c,train
UgjAHCc0hQVZ33gCoAEC,cT14IbTDW2c,train
UgjfuRw9Xd9RJ3gCoAEC,cT14IbTDW2c,train
UgjiDAos1TdUc3gCoAEC,cT14IbTDW2c,train
UgjKHzF3IwSEzXgCoAEC,cT14IbTDW2c,train
UgjKtaWR8tJkpHgCoAEC,cT14IbTDW2c,train
UgjwfZG_znrrvXgCoAEC,cT14IbTDW2c,train
UgjY_1PbjqkGAXgCoAEC,cT14IbTDW2c,train
Ugw1DPfPxRKkqstwYSF4AaABAg,cT14IbTDW2c,train
Ugw1WBm0HR6ROuXddkB4AaABAg,cT14IbTDW2c,train
Ugw7dxcDYYMAhf3roqx4AaABAg,cT14IbTDW2c,train
Ugw8jq5cgS-RXTqVycp4AaABAg,cT14IbTDW2c,train
Ugw9izboxYcGQRhAvnJ4AaABAg,cT14IbTDW2c,train
UgwAsmrDSyEC8hOdXt94AaABAg,cT14IbTDW2c,train
UgwBQ2I1InAYXkCfjjl4AaABAg,cT14IbTDW2c,train
UgwbxU-Y8aAbIs6Z3DV4AaABAg,cT14IbTDW2c,train
UgwC2npAVTV2ntQnbFN4AaABAg,cT14IbTDW2c,train
UgwcTdelaycKIp3db5B4AaABAg,cT14IbTDW2c,train
Ugwcv4PS9DgsQzom8Ct4AaABAg,cT14IbTDW2c,train
UgwD99RQc_KskXUni-N4AaABAg,cT14IbTDW2c,train
UgwDlz2kjxmATeJPerZ4AaABAg,cT14IbTDW2c,train
UgwgEG2UZXowVcU2BK54AaABAg,cT14IbTDW2c,train
UgwGQPbw_8P6dzHCGRh4AaABAg,cT14IbTDW2c,train
UgwHs2oma581XZi185h4AaABAg,cT14IbTDW2c,train
UgwIoeJwHSLIKr0CF5F4AaABAg,cT14IbTDW2c,train
UgwIPMNl703BvRgN2xd4AaABAg,cT14IbTDW2c,train
UgwJT23b-TUtVVBWVd54AaABAg,cT14IbTDW2c,train
Ugwla1Q4HunztX1h0xh4AaABAg,cT14IbTDW2c,train
UgwnX3GUap-kq8dvXJV4AaABAg,cT14IbTDW2c,train
UgwoTWt1cKkzHhhyNmd4AaABAg,cT14IbTDW2c,train
UgwtXu7YMEIHialybkx4AaABAg,cT14IbTDW2c,train
UgwU6iBhWreyw_Dlwet4AaABAg,cT14IbTDW2c,train
UgwvRtbtvm1UbBGc04t4AaABAg,cT14IbTDW2c,train
UgwvutE1n6s6vUvCcud4AaABAg,cT14IbTDW2c,train
Ugw-xcxTGPIeaHRdU1x4AaABAg,cT14IbTDW2c,train
UgwYA9r7GnhqHp9S-mB4AaABAg,cT14IbTDW2c,train
UgwZHsXqN6cNgyRhxlV4AaABAg,cT14IbTDW2c,train
UgwzPApmvBPh1_Rk84B4AaABAg,cT14IbTDW2c,train
Ugx_b0BA1QECOSVPhM54AaABAg,cT14IbTDW2c,train
Ugx0VHABFGxwIfF_zOV4AaABAg,cT14IbTDW2c,train
Ugx4fyjV8vfvS_V7eEN4AaABAg,cT14IbTDW2c,train
Ugx5gEIp5XUZHsxonkh4AaABAg,cT14IbTDW2c,train
Ugx5MxIFbn3pC6XPf054AaABAg,cT14IbTDW2c,train
UgxaUXctuuNgCxySkv14AaABAg,cT14IbTDW2c,train
UgxbYx5xwD3ym0keB7x4AaABAg,cT14IbTDW2c,train
UgxCHPKIg1x0Y1y4idt4AaABAg,cT14IbTDW2c,train
Ugxen2QgJYhNiRrMegR4AaABAg,cT14IbTDW2c,train
UgxFyLqR0jYPwbN5QbR4AaABAg,cT14IbTDW2c,train
Ugxg0WuW6HaACEmc1Up4AaABAg,cT14IbTDW2c,train
UgxjYl0SwKhN8nKkkaF4AaABAg,cT14IbTDW2c,train
UgxmGhvN6FJROvP0AC14AaABAg,cT14IbTDW2c,train
Ugxn7SN75hu9Zy7b3b14AaABAg,cT14IbTDW2c,train
Ugxos9bXUEzH70sVxC14AaABAg,cT14IbTDW2c,train
Ugxp1q-tChDL1j_n_g94AaABAg,cT14IbTDW2c,train
Ugxpgg01nbW9Rr2sXIl4AaABAg,cT14IbTDW2c,train
UgxPx4fQKiFuD0HDeEd4AaABAg,cT14IbTDW2c,train
Ugxswrh35tG9Qi1NKZd4AaABAg,cT14IbTDW2c,train
UgxT6FXbbEukLXW5mXR4AaABAg,cT14IbTDW2c,train
Ugxu5q_q_JeqBMT2pqZ4AaABAg,cT14IbTDW2c,train
UgxVdIh7xa5TFPpCN5J4AaABAg,cT14IbTDW2c,train
UgxXe27x-ZA6YeZFf5R4AaABAg,cT14IbTDW2c,train
UgxXtUmfp0rdwXB8qld4AaABAg,cT14IbTDW2c,train
Ugy_DN9MzdmZKFMbeWR4AaABAg,cT14IbTDW2c,train
Ugy0IpiM6lrJHHQilvh4AaABAg,cT14IbTDW2c,train
Ugy2Wc3ZRDsMcDYmoKF4AaABAg,cT14IbTDW2c,train
Ugy35wGBq4aJlQAdGFt4AaABAg,cT14IbTDW2c,train
Ugy7BbmfzEwfwqThTmV4AaABAg,cT14IbTDW2c,train
Ugy7qa1kqoitoxDef5l4AaABAg,cT14IbTDW2c,train
Ugy8G7eYaZQHeGhDnZZ4AaABAg,cT14IbTDW2c,train
UgyBtTDP7Pgfklwli6l4AaABAg,cT14IbTDW2c,train
UgycJjrcxm4IkKnv0JR4AaABAg,cT14IbTDW2c,train
Ugycw-ryczBL4ZmdRUh4AaABAg,cT14IbTDW2c,train
UgyCZ7XpQCbblw0rQbd4AaABAg,cT14IbTDW2c,train
Ugyday9fAu6Mtqe_JAJ4AaABAg,cT14IbTDW2c,train
UgydgFd-5Ec0Z9UW7Cd4AaABAg,cT14IbTDW2c,train
UgyDoIJKGAVW5uJ8uTF4AaABAg,cT14IbTDW2c,train
UgyDPebKZNOABtNWGa54AaABAg,cT14IbTDW2c,train
UgyEGPZKTp4il8B8hG94AaABAg,cT14IbTDW2c,train
UgyFQYMYiDs-RdmouGp4AaABAg,cT14IbTDW2c,train
UgyFQZ1GXkkmCrx9ER54AaABAg,cT14IbTDW2c,train
UgyGS6uoENDrrZZYqxR4AaABAg,cT14IbTDW2c,train
UgyjhPsMlWKlFNmG-h94AaABAg,cT14IbTDW2c,train
UgyjhzQsHAB3Fa4adxR4AaABAg,cT14IbTDW2c,train
UgyJiThWVO-eQ03ikjt4AaABAg,cT14IbTDW2c,train
UgykEnpNZrYgnb7a9f14AaABAg,cT14IbTDW2c,train
UgyntYC4VsUQWM96NQ54AaABAg,cT14IbTDW2c,train
Ugyoh9Elhz856YJ2ZDl4AaABAg,cT14IbTDW2c,train
UgyrJDeMDfV04uYeMNd4AaABAg,cT14IbTDW2c,train
UgysaIdEoX6mhsTapI14AaABAg,cT14IbTDW2c,train
UgyvoZHfxfi61AdK8TB4AaABAg,cT14IbTDW2c,train
UgyZEc_uJD4vYnPrVrF4AaABAg,cT14IbTDW2c,train
UgyzLLxqkDmZuUjzEzZ4AaABAg,cT14IbTDW2c,train
UgyzusIwl5ZLuxzwqcd4AaABAg,cT14IbTDW2c,train
Ugz2VPdKFw4EYB9K3eJ4AaABAg,cT14IbTDW2c,train
Ugz6EEhwYEn3AbhrPJh4AaABAg,cT14IbTDW2c,train
Ugz6twWBrqe70jW9z6J4AaABAg,cT14IbTDW2c,train
Ugz7CcHZjpOHvajlZrJ4AaABAg,cT14IbTDW2c,train
Ugz7lS0OMX9VAL_UXp94AaABAg,cT14IbTDW2c,train
Ugz8uVdEHIiNFvrakgV4AaABAg,cT14IbTDW2c,train
Ugz9ivFXd1rsMNs395p4AaABAg,cT14IbTDW2c,train
UgzAej8Aoh233cA7cPh4AaABAg,cT14IbTDW2c,train
UgzEiqkk2CCuMaxuPvZ4AaABAg,cT14IbTDW2c,train
UgzFhLRYl2-Jw_RjykN4AaABAg,cT14IbTDW2c,train
UgzFZGnqcjZcW7wejI54AaABAg,cT14IbTDW2c,train
UgzGP9zuUw8tkaH1kJh4AaABAg,cT14IbTDW2c,train
UgzjY5FCQAraiLWUyid4AaABAg,cT14IbTDW2c,train
UgzlVLIiuPxm40LF05d4AaABAg,cT14IbTDW2c,train
UgzmyfZubK750G95yuV4AaABAg,cT14IbTDW2c,train
UgzPfkOk-wV9vzwGBt94AaABAg,cT14IbTDW2c,train
UgztoypC8DOmpTDbbI94AaABAg,cT14IbTDW2c,train
UgztQfNqz2zUnZYpUZJ4AaABAg,cT14IbTDW2c,train
UgzTz5Oub5ioq6ODC914AaABAg,cT14IbTDW2c,train
UgzW7M99erZM-ouQ0yV4AaABAg,cT14IbTDW2c,train
UgzWOM1fvgg5rw_W1XB4AaABAg,cT14IbTDW2c,train
UgzwrS37qzfArRXP80p4AaABAg,cT14IbTDW2c,train
Ugzxit7UlcE33xXThIt4AaABAg,cT14IbTDW2c,train
UgzXPP-nnSNB9qnH7zh4AaABAg,cT14IbTDW2c,train
UgzYz6sKfL9eDiVZ1DR4AaABAg,cT14IbTDW2c,train
Ugg_G6d9ehvFo3gCoAEC,dDbRyFIkNII,train
UghAbXMwBZQ043gCoAEC,dDbRyFIkNII,train
UghmIbTYT8V0Y3gCoAEC,dDbRyFIkNII,train
Ugi-AutQK-PGmHgCoAEC,dDbRyFIkNII,train
Ugj4CNrg0w8ufngCoAEC,dDbRyFIkNII,train
Ugj-DZyJ6rJBOXgCoAEC,dDbRyFIkNII,train
Ugw5-xcVE7UQ-Su23j94AaABAg,dDbRyFIkNII,train
UgwXBmS_l1k2AHONWTd4AaABAg,dDbRyFIkNII,train
Ugyq7vvHf_dWdP8HIAB4AaABAg,dDbRyFIkNII,train
UgzaLrs8IAzhKyib03F4AaABAg,dDbRyFIkNII,train
Ugg_tHGB8ZFbpXgCoAEC,dG7mZQvaQDk,train
Ugg06ovk58usR3gCoAEC,dG7mZQvaQDk,train
Ugg0vtBhu5PCu3gCoAEC,dG7mZQvaQDk,train
Ugg2DE0cw-u_DXgCoAEC,dG7mZQvaQDk,train
Ugg9Nkij19Uts3gCoAEC,dG7mZQvaQDk,train
UggAljyL41lywHgCoAEC,dG7mZQvaQDk,train
UggBE-midsOcxXgCoAEC,dG7mZQvaQDk,train
UggFa6gKjS21nHgCoAEC,dG7mZQvaQDk,train
UggfMgHywO3pmHgCoAEC,dG7mZQvaQDk,train
UggIk5feB00KE3gCoAEC,dG7mZQvaQDk,train
UggJvtBuY7918HgCoAEC,dG7mZQvaQDk,train
UggkkDy5aXNO-HgCoAEC,dG7mZQvaQDk,train
UggLqnLTe5a1sngCoAEC,dG7mZQvaQDk,train
Uggma-nkAiK-eXgCoAEC,dG7mZQvaQDk,train
UggomkAIZriFfXgCoAEC,dG7mZQvaQDk,train
UggPDp4D0K-7xngCoAEC,dG7mZQvaQDk,train
UggQG0KuU_-llXgCoAEC,dG7mZQvaQDk,train
UggrbvWF1tW0pHgCoAEC,dG7mZQvaQDk,train
UggrZgZguxyXq3gCoAEC,dG7mZQvaQDk,train
Uggs4V2kJ0QPg3gCoAEC,dG7mZQvaQDk,train
UggSA9NX_RN3VXgCoAEC,dG7mZQvaQDk,train
UggsmHAjXe_lhXgCoAEC,dG7mZQvaQDk,train
UggSpMI7lKPnc3gCoAEC,dG7mZQvaQDk,train
UggVkCi8HJdrVHgCoAEC,dG7mZQvaQDk,train
UggWOhAGPSANkHgCoAEC,dG7mZQvaQDk,train
UggZTfTyS3k6ZngCoAEC,dG7mZQvaQDk,train
Ugh3UPrEeTTHtHgCoAEC,dG7mZQvaQDk,train
Ugh5BW50pf-9PngCoAEC,dG7mZQvaQDk,train
Ugh5YyQl1LLLcHgCoAEC,dG7mZQvaQDk,train
Ugh9ieGAQW1ZdHgCoAEC,dG7mZQvaQDk,train
Ugh9NJ5VcQj8fngCoAEC,dG7mZQvaQDk,train
Ugh9-XU9MBpdPHgCoAEC,dG7mZQvaQDk,train
UghblI9yzalDUXgCoAEC,dG7mZQvaQDk,train
UghcaI1aYuZeLngCoAEC,dG7mZQvaQDk,train
UghcJ70N2jvmUXgCoAEC,dG7mZQvaQDk,train
UghFiMPAIdHjUXgCoAEC,dG7mZQvaQDk,train
UghhqzDBAgfZFXgCoAEC,dG7mZQvaQDk,train
UghhReguIiBXz3gCoAEC,dG7mZQvaQDk,train
UghI04c2fnCXw3gCoAEC,dG7mZQvaQDk,train
Ughj539YD_W0mHgCoAEC,dG7mZQvaQDk,train
UghJfuhlGySl5XgCoAEC,dG7mZQvaQDk,train
UghjSQWibrNXbHgCoAEC,dG7mZQvaQDk,train
Ughk89bvzTZ5n3gCoAEC,dG7mZQvaQDk,train
UghkOHwrD0EFVXgCoAEC,dG7mZQvaQDk,train
UghLKEjKvHMPI3gCoAEC,dG7mZQvaQDk,train
UghlxE3O2KiW0XgCoAEC,dG7mZQvaQDk,train
Ughn4r9O-Nhkz3gCoAEC,dG7mZQvaQDk,train
Ugho94xeAVZ7NngCoAEC,dG7mZQvaQDk,train
UghOMcTf-0StdHgCoAEC,dG7mZQvaQDk,train
UghqvIGI8ffj3XgCoAEC,dG7mZQvaQDk,train
UghS3N0TuPkVzXgCoAEC,dG7mZQvaQDk,train
UghtUAixv0nBhHgCoAEC,dG7mZQvaQDk,train
UghV9yjXGfrPXngCoAEC,dG7mZQvaQDk,train
Ughxvpwf-pvcs3gCoAEC,dG7mZQvaQDk,train
UghZ4FemHXJvdXgCoAEC,dG7mZQvaQDk,train
UghzyVkP2QyrDHgCoAEC,dG7mZQvaQDk,train
Ugi2mKmoNhVvB3gCoAEC,dG7mZQvaQDk,train
Ugi47Eld1QATNXgCoAEC,dG7mZQvaQDk,train
Ugib2A3yAXk6S3gCoAEC,dG7mZQvaQDk,train
UgiBiwBL8fQNZHgCoAEC,dG7mZQvaQDk,train
UgiCLhgoEYmK03gCoAEC,dG7mZQvaQDk,train
UgiDEoauMjZ5AngCoAEC,dG7mZQvaQDk,train
UgiDRFxEd3lXsHgCoAEC,dG7mZQvaQDk,train
UgidWMSFYmz_mHgCoAEC,dG7mZQvaQDk,train
UgiFAwQp3PHa83gCoAEC,dG7mZQvaQDk,train
UgiFcOu0kpU9Q3gCoAEC,dG7mZQvaQDk,train
Ugig_n0opz8ZeHgCoAEC,dG7mZQvaQDk,train
UgiGY5J-nefDBHgCoAEC,dG7mZQvaQDk,train
UgihSHhY4D6RH3gCoAEC,dG7mZQvaQDk,train
UgijGlOjRf7hgngCoAEC,dG7mZQvaQDk,train
UgiMcpkO3TLefngCoAEC,dG7mZQvaQDk,train
UgiMWjxMr-h5s3gCoAEC,dG7mZQvaQDk,train
UgioKj2LFNcorngCoAEC,dG7mZQvaQDk,train
UgiovVFNjWPUJngCoAEC,dG7mZQvaQDk,train
UgiP6G4sPnNUFXgCoAEC,dG7mZQvaQDk,train
UgiTvwSX5Z1bzXgCoAEC,dG7mZQvaQDk,train
UgiU3wgEiODazXgCoAEC,dG7mZQvaQDk,train
UgiW5j_mTeEZ3XgCoAEC,dG7mZQvaQDk,train
UgixdxuPaLDtAXgCoAEC,dG7mZQvaQDk,train
UgiYmeHQGlK1X3gCoAEC,dG7mZQvaQDk,train
Ugj4EBpIx3VZw3gCoAEC,dG7mZQvaQDk,train
Ugj4qfkf_LybFHgCoAEC,dG7mZQvaQDk,train
Ugj5MKvyX16BlngCoAEC,dG7mZQvaQDk,train
Ugj6D2gOXUlNNHgCoAEC,dG7mZQvaQDk,train
Ugj6Z_0sLPBlSHgCoAEC,dG7mZQvaQDk,train
Ugj7onbAIhP0jXgCoAEC,dG7mZQvaQDk,train
Ugj9BpURKo9iMXgCoAEC,dG7mZQvaQDk,train
Ugj9q6R3gxZpj3gCoAEC,dG7mZQvaQDk,train
UgjAHpyfhRA_C3gCoAEC,dG7mZQvaQDk,train
UgjAkZxH7p-SjHgCoAEC,dG7mZQvaQDk,train
UgjBrQHB44Y6yHgCoAEC,dG7mZQvaQDk,train
Ugjd5gn07ocXsngCoAEC,dG7mZQvaQDk,train
UgjDBfCDKT037ngCoAEC,dG7mZQvaQDk,train
UgjDETjpfRQL6HgCoAEC,dG7mZQvaQDk,train
UgjfCR2P4UuH6XgCoAEC,dG7mZQvaQDk,train
UgjFfog2XHgasngCoAEC,dG7mZQvaQDk,train
UgjgN-JVPu49LHgCoAEC,dG7mZQvaQDk,train
UgjIO0MtrVIAtXgCoAEC,dG7mZQvaQDk,train
UgjJKgiUy9A1F3gCoAEC,dG7mZQvaQDk,train
UgjNs-GTt9JfJXgCoAEC,dG7mZQvaQDk,train
Ugjpu_RMQN7KuHgCoAEC,dG7mZQvaQDk,train
Ugjqg9qKsdKAwHgCoAEC,dG7mZQvaQDk,train
UgjqKp49qALNEngCoAEC,dG7mZQvaQDk,train
UgjrudxM-7eVlXgCoAEC,dG7mZQvaQDk,train
UgjsEoszg2O3FngCoAEC,dG7mZQvaQDk,train
UgjUz4zD_kU1gHgCoAEC,dG7mZQvaQDk,train
UgjV0NgtU8Mo_HgCoAEC,dG7mZQvaQDk,train
Ugjv6x4UifOPc3gCoAEC,dG7mZQvaQDk,train
UgjyqKPg0AyI1HgCoAEC,dG7mZQvaQDk,train
Ugw8oB7g7rqpvTdHkId4AaABAg,dG7mZQvaQDk,train
UgxQlfvkXLc2Ar7dZ_t4AaABAg,dG7mZQvaQDk,train
Ugz-BV9zIAQdqf1iUNx4AaABAg,dG7mZQvaQDk,train
Ugg_n-nSlkkSSXgCoAEC,Dt9-byUhPdg,test
Ugg2ItA50j3R8HgCoAEC,Dt9-byUhPdg,test
UggCzcniRCJgSHgCoAEC,Dt9-byUhPdg,test
UggeJRv-GDRnD3gCoAEC,Dt9-byUhPdg,test
UggIwAmWsxlVnHgCoAEC,Dt9-byUhPdg,test
Uggmdct5T_880HgCoAEC,Dt9-byUhPdg,test
UggXHbngyX02wHgCoAEC,Dt9-byUhPdg,test
Ughj5v2znz91B3gCoAEC,Dt9-byUhPdg,test
UghtnU8GCh9qbXgCoAEC,Dt9-byUhPdg,test
Ugi6WB0_Hv-gLngCoAEC,Dt9-byUhPdg,test
Ugib2tzAuq79fngCoAEC,Dt9-byUhPdg,test
Ugiis9d5ISpuzXgCoAEC,Dt9-byUhPdg,test
UgijQ2FjlYJSU3gCoAEC,Dt9-byUhPdg,test
Ugiqj5jU7LxKZXgCoAEC,Dt9-byUhPdg,test
Ugj8mibnaukuYngCoAEC,Dt9-byUhPdg,test
Ugjf1ns-vrD_mHgCoAEC,Dt9-byUhPdg,test
Ugjg3V4G0V1Lw3gCoAEC,Dt9-byUhPdg,test
Ugji5Puu6CdNSXgCoAEC,Dt9-byUhPdg,test
UgjjAQhUTVJVlHgCoAEC,Dt9-byUhPdg,test
Ugjm1PBJxlAajXgCoAEC,Dt9-byUhPdg,test
UgjOJxjEAvGohHgCoAEC,Dt9-byUhPdg,test
UgjOorEuUNeDuXgCoAEC,Dt9-byUhPdg,test
UgwaBPJR_PtIst-g5GR4AaABAg,Dt9-byUhPdg,test
UgwZlQcZUvX_tdLv5tN4AaABAg,Dt9-byUhPdg,test
Ugx3he2JevffnBpSued4AaABAg,Dt9-byUhPdg,test
UgxIVUSZlDsjmgCaUmt4AaABAg,Dt9-byUhPdg,test
UgygrXzRRsPCIB-4ZQJ4AaABAg,Dt9-byUhPdg,test
UgyHY__Zn6pPpBqLWhl4AaABAg,Dt9-byUhPdg,test
UgyM6Czu-FCIhsAn2fl4AaABAg,Dt9-byUhPdg,test
UgzFM74WZ6HhHJsCzMh4AaABAg,Dt9-byUhPdg,test
UgzNIAq2vYdrNzAZaH94AaABAg,Dt9-byUhPdg,test
UgzszpWJSeuW2bNWqf94AaABAg,Dt9-byUhPdg,test
UgzUf9F0khnqHuHTte54AaABAg,Dt9-byUhPdg,test
UgzznaHifWKSzSekoZ94AaABAg,Dt9-byUhPdg,test
UggCqc7cB_wHgXgCoAEC,TZxEyoplYbI,test
Uggd4hYFM5Pg2ngCoAEC,TZxEyoplYbI,test
UggDIjReTdOObngCoAEC,TZxEyoplYbI,test
UggET3p1k5qYrHgCoAEC,TZxEyoplYbI,test
Ugggne7gvPn-3XgCoAEC,TZxEyoplYbI,test
UggGOYlD5OpAyHgCoAEC,TZxEyoplYbI,test
UggGSYZZ2Wh2cXgCoAEC,TZxEyoplYbI,test
UgghcbyFz_IQS3gCoAEC,TZxEyoplYbI,test
UggIG_k0Vua7F3gCoAEC,TZxEyoplYbI,test
Ugg-JIoQXcIhsHgCoAEC,TZxEyoplYbI,test
UggKPXGZQ1r7-3gCoAEC,TZxEyoplYbI,test
UgglCqJT2uuWaXgCoAEC,TZxEyoplYbI,test
Uggm1WPouk0MIngCoAEC,TZxEyoplYbI,test
UggmEpbGeSaGKXgCoAEC,TZxEyoplYbI,test
UggmqtyPp-xTR3gCoAEC,TZxEyoplYbI,test
UggmymeUdgT2GngCoAEC,TZxEyoplYbI,test
UggOb2fi4tyFtHgCoAEC,TZxEyoplYbI,test
UggP1BY4vFHGkngCoAEC,TZxEyoplYbI,test
UggP3N8B465De3gCoAEC,TZxEyoplYbI,test
Uggq0P2aJlQfangCoAEC,TZxEyoplYbI,test
Uggq-1wdvQ0bXHgCoAEC,TZxEyoplYbI,test
UggSEHxDKpaEYHgCoAEC,TZxEyoplYbI,test
UggU_05OXNaCjHgCoAEC,TZxEyoplYbI,test
UggugXtbHOq9K3gCoAEC,TZxEyoplYbI,test
UggVS57TNwzjhHgCoAEC,TZxEyoplYbI,test
UggWR9u2JPciZngCoAEC,TZxEyoplYbI,test
UggXVMGkRawSWHgCoAEC,TZxEyoplYbI,test
UggYk20DDlQ_j3gCoAEC,TZxEyoplYbI,test
UggZIT5-PsgcrHgCoAEC,TZxEyoplYbI,test
Ugh0caYD_br7pngCoAEC,TZxEyoplYbI,test
Ugh8t5rTT_Og93gCoAEC,TZxEyoplYbI,test
Ugh9MDuFB3NFo3gCoAEC,TZxEyoplYbI,test
UghAc1_M66sZz3gCoAEC,TZxEyoplYbI,test
UghdWgk_DRjTZngCoAEC,TZxEyoplYbI,test
UghEDUNBYDPE8XgCoAEC,TZxEyoplYbI,test
UghGhGHVxbAhI3gCoAEC,TZxEyoplYbI,test
UghGLxP5YSSlQngCoAEC,TZxEyoplYbI,test
UghhDn1xpBorongCoAEC,TZxEyoplYbI,test
UghIhQsrgAE5LHgCoAEC,TZxEyoplYbI,test
UghjJWezfp-IzngCoAEC,TZxEyoplYbI,test
UghLaQCwPLXVRngCoAEC,TZxEyoplYbI,test
UghM9hh5ynGFbXgCoAEC,TZxEyoplYbI,test
UghoDmfDqf1-ZngCoAEC,TZxEyoplYbI,test
UghqtY2edp17RngCoAEC,TZxEyoplYbI,test
UghSNjvLuGZuIngCoAEC,TZxEyoplYbI,test
Ughtw3XZuDFVBngCoAEC,TZxEyoplYbI,test
UghvLTtHdWllEHgCoAEC,TZxEyoplYbI,test
UghWgPmfSnrizngCoAEC,TZxEyoplYbI,test
UghYP1-xE-DZF3gCoAEC,TZxEyoplYbI,test
UghzJSJhNAbvMHgCoAEC,TZxEyoplYbI,test
Ugi_AH9_ogoQwXgCoAEC,TZxEyoplYbI,test
Ugi1QQc_sSCiNXgCoAEC,TZxEyoplYbI,test
Ugi1T97xocHCCngCoAEC,TZxEyoplYbI,test
Ugi1YfWgbl4QIngCoAEC,TZxEyoplYbI,test
Ugi9U-8vbnXhQHgCoAEC,TZxEyoplYbI,test
UgiboQqhqNOupngCoAEC,TZxEyoplYbI,test
UgiDCU8p--JNoHgCoAEC,TZxEyoplYbI,test
UgiE9T6NGGsGPHgCoAEC,TZxEyoplYbI,test
UgiePPnhD0MUAXgCoAEC,TZxEyoplYbI,test
UgiEPR1BFBU303gCoAEC,TZxEyoplYbI,test
Ugigjv4HQyxatHgCoAEC,TZxEyoplYbI,test
Ugim7HUsL6xP13gCoAEC,TZxEyoplYbI,test
Ugin-dBfgSlydXgCoAEC,TZxEyoplYbI,test
Ugio01fn0C_zb3gCoAEC,TZxEyoplYbI,test
Ugiopc96XGniX3gCoAEC,TZxEyoplYbI,test
Ugi-ouVi1-XNMngCoAEC,TZxEyoplYbI,test
UgiouZAP4Uof2XgCoAEC,TZxEyoplYbI,test
UgipEdYB6Q5XXngCoAEC,TZxEyoplYbI,test
UgiPsH0ehnKBqHgCoAEC,TZxEyoplYbI,test
Ugiq80OCkfSt93gCoAEC,TZxEyoplYbI,test
Ugi-QnlAnwXgZXgCoAEC,TZxEyoplYbI,test
UgiQV3A3PLtAMHgCoAEC,TZxEyoplYbI,test
UgiR5LCZ_-DKW3gCoAEC,TZxEyoplYbI,test
UgiSldS-T_z0nHgCoAEC,TZxEyoplYbI,test
Ugit62Bd8yoNingCoAEC,TZxEyoplYbI,test
UgiWauybsgSl7XgCoAEC,TZxEyoplYbI,test
UgiyMebIj-yfdHgCoAEC,TZxEyoplYbI,test
Ugj_fpks83Muv3gCoAEC,TZxEyoplYbI,test
Ugj4wM_ifU7b03gCoAEC,TZxEyoplYbI,test
UgjbO3qNo1xbX3gCoAEC,TZxEyoplYbI,test
UgjG4mYzwEtrEHgCoAEC,TZxEyoplYbI,test
UgjhnVoNm4rcbngCoAEC,TZxEyoplYbI,test
UgjIBjw4qQweDHgCoAEC,TZxEyoplYbI,test
UgjijcPhsyym8XgCoAEC,TZxEyoplYbI,test
UgjIY-px1iXxtngCoAEC,TZxEyoplYbI,test
UgjLna2Ux2R9wXgCoAEC,TZxEyoplYbI,test
UgjNoLg1Rz27nHgCoAEC,TZxEyoplYbI,test
UgjnRLG-LMuB-3gCoAEC,TZxEyoplYbI,test
UgjRwOEG-KGWMHgCoAEC,TZxEyoplYbI,test
UgjTagbrdn0t6XgCoAEC,TZxEyoplYbI,test
UgjTW65H46WOzngCoAEC,TZxEyoplYbI,test
UgjwWrcF5iU6s3gCoAEC,TZxEyoplYbI,test
UgjY67u_ceAD6XgCoAEC,TZxEyoplYbI,test
UgjZz0PKPdMTJHgCoAEC,TZxEyoplYbI,test
Ugw_Tl3Y0RyGKDAF7wp4AaABAg,TZxEyoplYbI,test
Ugw5UXiyt8_82SbSY4R4AaABAg,TZxEyoplYbI,test
UgwwS4M4DdAK0Hcwnj14AaABAg,TZxEyoplYbI,test
Ugx2DTRnj4ix9yO7KFd4AaABAg,TZxEyoplYbI,test
UgxSdrxMVF1TuxIq7VB4AaABAg,TZxEyoplYbI,test
UgxVXEtXl4tiCP0shNt4AaABAg,TZxEyoplYbI,test
UgyCg0SltxnjiXzfFdV4AaABAg,TZxEyoplYbI,test
UgyDljkWaEzcDQDyLQx4AaABAg,TZxEyoplYbI,test
UgzazdpeRaudEbFEEtt4AaABAg,TZxEyoplYbI,test
UgzHID6RCvwkVgEGKYZ4AaABAg,TZxEyoplYbI,test
Ugh07S5UNzXDWngCoAEC,XRuCW80L9mA,validation
Ughbo_MZ42mpJ3gCoAEC,XRuCW80L9mA,validation
Ughd_2zFh-O-93gCoAEC,XRuCW80L9mA,validation
UghGyVemEvDEqXgCoAEC,XRuCW80L9mA,validation
UghHMimNd9cYxngCoAEC,XRuCW80L9mA,validation
Ugi5ADt10EdDz3gCoAEC,XRuCW80L9mA,validation
Ugifh2DMhBbDkHgCoAEC,XRuCW80L9mA,validation
Ugj_plbGBjjzYXgCoAEC,XRuCW80L9mA,validation
Ugj0bah1De8xy3gCoAEC,XRuCW80L9mA,validation
UgjBJKQSoQMQ6ngCoAEC,XRuCW80L9mA,validation
